,title,company,salary
0,Editorial Intern,The Block,$18k
1,Sales Marketing Intern,Impossible Cloud,$21k - $86k
2,Software Engineering Intern IT,BitGo,$54k - $80k
3,Marketing Intern,Uniswap Labs,$140k - $150k
4,Marketing Intern,Uniswap Labs,
5,Partner Marketing Intern,Rarible,$15k - $25k
6,Cards and Payments Intern,Ledger,$41k - $80k
7,Recruiting Operations Specialist Intern,Presto,$57k - $72k
8,Web3 Intern,Saltwater Games,$105k - $150k
9,B2B Sales Intern,Magic Square,
10,Social Media Intern,Rarible,$16k - $100k
11,Marketing Intern,MachineFi Lab,$27k - $52k
12,DePin Surf Internship Marketing,MachineFi Lab,$27k - $52k
13,Developer Relations Intern,MachineFi Lab,$94k - $96k
14,Community Manager Intern,Bitcoin.com,$41k - $80k
15,Legal Compliance Internship,R3,$84k - $87k
16,LLM Graphics Applied Scientist Intern Summer 2024,"Genies, Inc.",$21k - $86k
17,LLM Applied Scientist Intern Summer 2024,"Genies, Inc.",$21k - $86k
18,3D Machine Learning Engineering Intern Summer 2024,"Genies, Inc.",$21k - $64k
19,Data Software Engineer Intern,Ledger,$72k - $90k
20,HR Assistant Office Admin Internship,SwissBorg,$41k - $80k
21,Software Engineer Intern Analytics Products,Keyfactor,$54k - $100k
22,Test Intern,Foundry,$54k - $80k
23,Product Owner Internship,R3,$21k - $86k
24,Operations Data Analyst intern,OKX,$54k - $62k
25,Marketing Intern,Coinmarketcap,$21k - $86k
26,Singapore Summer Internship Programme May July 2024,Crypto.com,$54k - $80k
27,Developer Advocate Intern,Ripple,$72k - $150k
28,Capital Markets Intern,Figure,$17k - $25k
29,Internship: DeFi Quantitative Trading,Queueco,$80k - $96k
30,Internship: DeFi Quantitative Trading,Queueco,
31,Software Engineering Intern Payments,Gemini,$94k - $150k
32,Recruitment Intern Canada Wide Remote Contract,Newton,$41k - $80k
33,Binance Accelerator Programme UI UX Intern CS IM,Binance,
34,Community Marketing Intern Greater China,Coinmarketcap,$54k - $80k
35,Test Engineering Intern,R3,$80k - $96k
36,Internship: Blockchain Solutions Factory Automation 2,Mitsubishi Electric Research Labs,$80k - $64k
37,Content Writer Internship Global Customer Experience,Circle,$41k - $80k
38,Marketing and Events Summer Intern 3 months,Filecoin Foundation,$41k - $80k
39,IT and Automation Intern,R3,$21k - $86k
40,Sales Intern Switzerland,21.co,$41k - $80k
41,Resource Management Operations Intern,R3,$57k - $72k
42,Global Recruitment Intern Mandarin Speaking,Gate.io,$32k - $80k
43,Data Science Intern Summer 2024,Ripple,$73k - $93k
44,UX Design Intern,R3,$21k - $86k
45,Marketing Intern,R3,$21k - $86k
46,Web3 Business Development Intern,Arrakis Finance,$32k - $86k
47,Web3 Operations Intern,HELIX,$40k - $72k
48,Internship Program Coordinator Starknet,Nethermind,$105k - $150k
49,Revenue Client Services Summer Internship,Copper.co,$32k - $80k
50,Revenue Client Onboarding Summer Internship,Copper.co,$32k - $80k
51,IT Inmation Security â€“ Summer Internship,Copper.co,$32k - $77k
52,Engineering Summer Internship,Copper.co,$32k - $80k
53,Marketing Summer Internship,Copper.co,$32k - $80k
54,Finance Summer Internship,Copper.co,$45k - $72k
55,2025 Summer Intern Repo Sales Trading,Loop Capital,$40k - $86k
56,2025 Summer Intern Repo Sales Trading,Loop Capital,
57,Decentralized Finance and Digital Assets Intern,myGwork - LGBTQ+ Business Community,$45k - $72k
58,Communications Intern,Circle,$54k - $80k
59,TechOps Automation Intern,Coinmarketcap,$18k - $80k
60,Tech Writer Intern,Coinmarketcap,$54k - $80k
61,Smart Contracts Quality Engineer [Internship],MultiversX,$140k - $150k
62,Junior Software Developer with Go [Internship],MultiversX,$58k - $102k
63,Junior QA w. Go [Internship],MultiversX,$21k - $64k
64,Junior VM Quality Engineer [Internship],MultiversX,$90k - $119k
65,Junior Software Developer with Rust [Internship],MultiversX,$76k - $110k
66,Junior BackEnd Developer with NodeJS [Internship],MultiversX,$22k - $31k
67,Marketing Intern Web3 Stage,Kiln,$140k - $150k
68,Business Developer in Fintech Web3 Internship,Lobster,$54k - $100k
69,Summer 2024 Product Design Intern,Coinbase,$32k - $86k
70,Product Management Intern,Heretic,$21k - $86k
71,Legal Intern,Orderly Network,$84k - $87k
72,Business Operation Intern,Orderly Network,$32k - $80k
73,Business IT Support Intern,Bitpanda,$21k - $86k
74,Connectivity Intern Nicosia,Talos,$94k - $96k
75,Security Engineer New Grad,Okcoin,$125k - $155k
76,Product Data Analyst Internship,Ledger,$84k - $84k
77,Social Media Intern,The Render Foundation,$54k - $100k
78,Learning Knowledge Intern Business Enablement,Circle,$41k - $80k
79,Software Engineering Intern Summer 2024,Whatnot,$45k - $92k
80,Legal Intern,Bitcoin IRA & Digital Trust,$120k
81,ERP Project Management Intern,Ledger,$54k - $100k
82,ERP Project Management Intern,Ledger,
83,Blockchain Researcher Intern,Caldera,$32k - $86k
84,Software Engineering Intern,Gemini,$94k - $150k
85,Financial Crime Graduate,BCB Group,$45k - $72k
86,Quant Development Internship,B2C2,$77k - $102k
87,Business Intelligence Internship,B2C2,$41k - $80k
88,Financial ERP Project Management Intern,Ledger,$45k - $72k
89,Data Operations Analyst intern,Merkle Science,$54k - $62k
90,Intellectual Property IP Legal Intern,Ledger,$120k
91,Quantitative Trading Intern,Ripple,$64k - $86k
92,Security Engineer Intern,Circle,$112k - $166k
93,Internship Learning Development Specialist F H,Ledger,$41k - $80k
94,2024 Summer Analyst Summer Internship Program,Kronos Research,$32k - $54k
95,MBA Intern Human Resources Summer 2024,Gemini,$41k - $80k
96,Binance Accelerator Program Cyber Security Intern,Binance,
97,Software Engineering Intern,Caldera,$45k - $77k
98,Security Engineer Intern,Uniswap,
99,IT Intern,Cake Group,$21k - $86k
100,Security Engineer Intern,Uniswap Labs,$67k - $87k
101,Product Operations Analyst Intern,Kaiko,$45k - $74k
102,Product Design Intern,Uniswap Labs,$32k - $86k
103,ML Research Intern,Sahara AI,$32k - $86k
